{
	"score": 18.162389755249023,
	"scoreDelta": {
		"dayChange": -0.09396934509277344,
		"weekChange": -0.5575828552246094,
		"monthChange": -0.7959918975830078
	}
}