{
	"score": 79.97533416748047,
	"amplification": 9,
	"trueReach": 234708,
	"network": 57.21802520751953
}